session_key,session_data,expire_date
43vrsp5epodcp75b3g9aqmi0jj2b3h2c,.eJxVjDsOwjAQBe_iGller7-U9JzB8vqDA8iR4qRC3B0ipYD2zcx7sRC3tYVtlCVMmZ2ZZKffjWJ6lL6DfI_9NvM093WZiO8KP-jg1zmX5-Vw_w5aHO1bg7baK6DqKWcwURuJoDKmah0Aak1OJUQpqGCS0dtavfMCUBlbinDs_QHCGjbq:1rLcR6:5AExCWXBM75HP79TnHQvBLu5goDQjkuNOs3hEmhwvhc,2024-01-19 05:08:00.298805
gge9oeobiknp28cp7y2pupkrahv0f1z3,.eJxVjMsOwiAQRf-FtSE8h-LSfb-BMAxK1UBS2pXx35WkC92ec-59sRD3rYS95zUsxM5Ms9Mvw5geuQ5B91hvjadWt3VBPhJ-2M7nRvl5Odq_gxJ7-a4teEjKa4XZoEIvZEpXi94BaSmtFNlmow2QGERJL0R0AHoiR5NBYu8Pwh424w:1rLq7D:aNqo6aTwxpeNykvvrw6gkT7lfJ0RgZjnWZUZLVLtMmo,2024-01-19 19:44:23.928767
tbjwcyadgmmco3t9waj0vcbwipsmn4rs,.eJw1y00KhDAMBtCrhG9dRITZeBNppNga_9AKEzIg4t3VxWwfvBNhE9VuFEUN7xkhLLrnvzIclY6qjyNGsxtN3U8oimSyrBY1fecoPaml9IzB1vUo3sRgtC2uG0o4ILA:1rM7QU:f42AdHGxTQY3zcPyrqa15Npwu2CE2Wr7QWFbwPm-a3o,2024-01-20 14:13:26.119035
1eps50es6yhl3u9eot5gecotjfm4zr39,.eJxVjMsOgjAQRf-la9NMhenDpXu-gcxMp4IaSCisjP-uJCx0e88592V62tah36ou_ZjNxThz-t2Y5KHTDvKdpttsZZ7WZWS7K_ag1XZz1uf1cP8OBqrDt-aGvSeRyOccgH1MHENBKChUNIkQ-KxIkFiwTVC0kSZKUHAI6Frz_gAPATiN:1rM7UO:rDgOn1ZOJ3TKdmBDVX28IzBRpsDs4g-k9t49jFl4GaI,2024-01-20 14:17:28.769620
jg77kpj3r2wwbg53hdu0l3kf2ej47b00,.eJxVjMsOgjAQRf-la9NMhenDpXu-gcxMp4IaSCisjP-uJCx0e88592V62tah36ou_ZjNxThz-t2Y5KHTDvKdpttsZZ7WZWS7K_ag1XZz1uf1cP8OBqrDt-aGvSeRyOccgH1MHENBKChUNIkQ-KxIkFiwTVC0kSZKUHAI6Frz_gAPATiN:1rMJwF:jmU74zemo42CvLXVbm9WQdAzupJJi5deFbN0Qh5GZrQ,2024-01-21 03:35:03.892622
th0xwmz5fn4kiu3ni77a3xoihfsacee4,.eJxVjMsOgjAQRf-la9NMhenDpXu-gcxMp4IaSCisjP-uJCx0e88592V62tah36ou_ZjNxThz-t2Y5KHTDvKdpttsZZ7WZWS7K_ag1XZz1uf1cP8OBqrDt-aGvSeRyOccgH1MHENBKChUNIkQ-KxIkFiwTVC0kSZKUHAI6Frz_gAPATiN:1rMyuP:Cg-wGVwsX707Lm64gzwLD65qMP6vMvSwU59zMnz_3VM,2024-01-22 23:19:53.400522
fl6vrpwpb2it4f46gl66ydklf9bqyfgh,.eJxVjMsOgjAQRf-la9NMhenDpXu-gcxMp4IaSCisjP-uJCx0e88592V62tah36ou_ZjNxThz-t2Y5KHTDvKdpttsZZ7WZWS7K_ag1XZz1uf1cP8OBqrDt-aGvSeRyOccgH1MHENBKChUNIkQ-KxIkFiwTVC0kSZKUHAI6Frz_gAPATiN:1rNht1:EEF9Lt4ASAwd9SdI0BxYsiRruRe7hSwus6h4e3024Yg,2024-01-24 23:21:27.814648
5o4m9t0swrbmt7za9i5ca6nvdel23yqx,.eJxVjMsOgjAQRf-la9NMhenDpXu-gcxMp4IaSCisjP-uJCx0e88592V62tah36ou_ZjNxThz-t2Y5KHTDvKdpttsZZ7WZWS7K_ag1XZz1uf1cP8OBqrDt-aGvSeRyOccgH1MHENBKChUNIkQ-KxIkFiwTVC0kSZKUHAI6Frz_gAPATiN:1rOVNQ:hJZRsFHK0Vc25pOTLwCGVYq6szDcHrT5ZcBxMJWdvqw,2024-01-27 04:12:08.854879
3bp2fiw6re0tisifrslesqtlu0ky8zk1,.eJxVjMsOwiAQRf-FtSHyHHDpvt9AhgGkaiAp7cr479qkC93ec859sYDbWsM28hLmxC7MstPvFpEeue0g3bHdOqfe1mWOfFf4QQefesrP6-H-HVQc9VtrI2TMhJpAKJCKslA6Fo2Q0BWQXiVSwhTyTiarHRZxLuCjkWAFkGTvD-XMN6Y:1rOfLG:fFBUFsIItIaLUJBfRl24qMq85kwWbdqYSDxH-vyasoo,2024-01-27 14:50:34.357359
ifv7ood243aemiok745qbp5ecmlolwjf,.eJxVjMFugzAQBX_F2jOyMLAO9Nh7L73GkbWs10BCjRTDIYr67wUpldrrm3nzBE_bOvoty91PAd4Aofi79cQ3SQcIV0rDonlJ633q9aHoF836Ywkyv7_cf4GR8ri_65ZbNEJIsTE2dCKVaevGMqGJWNnSlk1na2buTqZGOVmMBjn2LZYUIh_RL8mZBsl77nx24P01L-l3dVCoslAVFsrBJ61TGhSFIEHljXl34jbPD31oDhxcLvD9A_gMUiM:1rOm5e:PcF-BUU_pi3YVOIP2Ds5zi4ZceQuz5zAWz_MJs2Kotg,2024-01-27 22:02:54.910754
nfig6ov7y6xt7hflptuhuhftp0ngjb2j,.eJxVjDsOwjAQBe_iGller7-U9JzB8vqDA8iR4qRC3B0ipYD2zcx7sRC3tYVtlCVMmZ2ZZKffjWJ6lL6DfI_9NvM093WZiO8KP-jg1zmX5-Vw_w5aHO1bg7baK6DqKWcwURuJoDKmah0Aak1OJUQpqGCS0dtavfMCUBlbinDs_QHCGjbq:1rPZIu:VROHv4RrJLJo4c5Il1M45drK9fsNQH1letl5D1yhtE4,2024-01-30 02:35:52.418747
oww6v2f8rtcc6gp2p4g3xoq512che4i1,.eJylkLFOwzAURX_FeLYi23HiirETS2eGuopenp-blNSW4mRAiH_HqYoEA0iI9d5zz3DfeAfrMnRrprkbPX_kmouvWQ_4QnEr_AXiOVWY4jKPfbUh1b3N1SF5mvZ39ptggDyUtQza-mA1tjaQV-3OoNVgDLYt1H2DYKDeqaCproNE0FJpo6whAgiEzU16pZzhTLnojkfHu-6SU_xMHRdMCqYbwRx_pgnTlQR7SgtNB4gFmKV62CDHHT8J9rvgtmPgPXmWV8SChHWaXv9qKK_Q8k8H-fFnxYm_fwDFhJGH:1rQSuH:v9nxe6OzXd_Atkn7MKFV6ZnPlxZAaWV8xt_4F7Qu4uo,2024-02-01 13:58:09.434005
