id,hotel_id,image
1,1,hotel_photos/The_Birches_Killarney01.jpg
2,1,hotel_photos/The_Birches_Killarney02.jpg
3,1,hotel_photos/The_Birches_Killarney03.jpg
4,1,hotel_photos/The_Birches_Killarney04.jpg
5,1,hotel_photos/The_Birches_Killarney05.jpg
6,1,hotel_photos/The_Birches_Killarney06.jpg
7,1,hotel_photos/The_Birches_Killarney07.jpg
8,1,hotel_photos/The_Birches_Killarney08.jpg
9,1,hotel_photos/The_Birches_Killarney09.jpg
10,1,hotel_photos/The_Birches_Killarney10.jpg
11,1,hotel_photos/The_Birches_Killarney11.jpg
12,1,hotel_photos/The_Birches_Killarney12.jpg
13,1,hotel_photos/The_Birches_Killarney13.jpg
14,1,hotel_photos/The_Birches_Killarney14.jpg
15,1,hotel_photos/The_Birches_Killarney15.jpg
16,1,hotel_photos/The_Birches_Killarney16.jpg
17,1,hotel_photos/The_Birches_Killarney17.jpg
18,1,hotel_photos/The_Birches_Killarney18.jpg
19,1,hotel_photos/The_Birches_Killarney19.jpg
20,1,hotel_photos/The_Birches_Killarney21.jpg
21,1,hotel_photos/The_Birches_Killarney22.jpg
22,1,hotel_photos/The_Birches_Killarney23.jpg
23,1,hotel_photos/The_Birches_Killarney24.jpg
24,2,hotel_photos/Killarney_Plaza_Hotel__Spa01.jpg
25,2,hotel_photos/Killarney_Plaza_Hotel__Spa02.jpg
26,2,hotel_photos/Killarney_Plaza_Hotel__Spa03.jpg
27,2,hotel_photos/Killarney_Plaza_Hotel__Spa04.jpg
28,2,hotel_photos/Killarney_Plaza_Hotel__Spa05.jpg
29,2,hotel_photos/Killarney_Plaza_Hotel__Spa06.jpg
30,2,hotel_photos/Killarney_Plaza_Hotel__Spa07.jpg
31,2,hotel_photos/Killarney_Plaza_Hotel__Spa08.jpg
32,2,hotel_photos/Killarney_Plaza_Hotel__Spa09.jpg
33,2,hotel_photos/Killarney_Plaza_Hotel__Spa10.jpg
34,2,hotel_photos/Killarney_Plaza_Hotel__Spa11.jpg
35,2,hotel_photos/Killarney_Plaza_Hotel__Spa12.jpg
48,4,hotel_photos/great_southern__killarney_01_Rh0NzKV.jpg
49,4,hotel_photos/great_southern__killarney_02_l4ET4nb.jpg
50,4,hotel_photos/great_southern__killarney_03_QtQYQgf.jpg
51,4,hotel_photos/great_southern__killarney_04_HWmYCUx.jpg
52,4,hotel_photos/great_southern__killarney_05_1TeLtZq.jpg
53,4,hotel_photos/great_southern__killarney_06_KR3KSnq.jpg
54,4,hotel_photos/great_southern__killarney_07_fSbxY8V.jpg
55,4,hotel_photos/great_southern__killarney_08_PAR7gQ5.jpg
56,4,hotel_photos/great_southern__killarney_09_y077lXU.jpg
57,4,hotel_photos/great_southern__killarney_10_fRCs7CG.jpg
58,4,hotel_photos/great_southern__killarney_11_XSs2usq.jpg
59,4,hotel_photos/great_southern__killarney_12_aYrPpjD.jpg
60,4,hotel_photos/great_southern__killarney_01_muiIfiw.jpg
61,4,hotel_photos/great_southern__killarney_02_v7Nxf00.jpg
62,4,hotel_photos/great_southern__killarney_03_mUPTbqy.jpg
63,4,hotel_photos/great_southern__killarney_04_xOiFzej.jpg
64,4,hotel_photos/great_southern__killarney_05_TP9MiOQ.jpg
65,4,hotel_photos/great_southern__killarney_06_krtO0pu.jpg
66,4,hotel_photos/great_southern__killarney_07_sDJQZIo.jpg
67,4,hotel_photos/great_southern__killarney_08_e8dgKo2.jpg
68,4,hotel_photos/great_southern__killarney_09_N8UdT7B.jpg
69,4,hotel_photos/great_southern__killarney_10_QySMw0k.jpg
70,4,hotel_photos/great_southern__killarney_11_tTt56v4.jpg
71,4,hotel_photos/great_southern__killarney_12_6AVShHm.jpg
72,5,hotel_photos/castlerosse_park_resort_holiday_homes_01.jpg
73,5,hotel_photos/castlerosse_park_resort_holiday_homes_02.jpg
74,5,hotel_photos/castlerosse_park_resort_holiday_homes_03.jpg
75,5,hotel_photos/castlerosse_park_resort_holiday_homes_04.jpg
76,5,hotel_photos/castlerosse_park_resort_holiday_homes_05.jpg
77,5,hotel_photos/castlerosse_park_resort_holiday_homes_06.jpg
78,5,hotel_photos/castlerosse_park_resort_holiday_homes_07.jpg
79,5,hotel_photos/castlerosse_park_resort_holiday_homes_08.jpg
80,5,hotel_photos/castlerosse_park_resort_holiday_homes_09.jpg
81,5,hotel_photos/castlerosse_park_resort_holiday_homes_10.jpg
82,5,hotel_photos/castlerosse_park_resort_holiday_homes_11.jpg
83,5,hotel_photos/castlerosse_park_resort_holiday_homes_12.jpg
84,1,hotel_photos/the_birches_killarney01_rIRFSH2.jpg
85,1,hotel_photos/the_birches_killarney02_a2SIOwY.jpg
86,1,hotel_photos/the_birches_killarney03_vwIUBVn.jpg
87,1,hotel_photos/the_birches_killarney04_Uq07c94.jpg
88,1,hotel_photos/the_birches_killarney05_J9vXu2z.jpg
89,1,hotel_photos/the_birches_killarney06_lSk4sen.jpg
90,1,hotel_photos/the_birches_killarney07_Nbvx7Ny.jpg
91,1,hotel_photos/the_birches_killarney08_e7XgTsF.jpg
92,1,hotel_photos/the_birches_killarney09_RvFHgZh.jpg
93,1,hotel_photos/the_birches_killarney10_KTwzfj4.jpg
94,1,hotel_photos/the_birches_killarney11_sBtfWdx.jpg
95,1,hotel_photos/the_birches_killarney12_HY3YtVB.jpg
96,1,hotel_photos/the_birches_killarney13_TKJrlwj.jpg
97,1,hotel_photos/the_birches_killarney14_dDf8Jk8.jpg
98,1,hotel_photos/the_birches_killarney15_S75zJvE.jpg
99,1,hotel_photos/the_birches_killarney16_wjGy7uw.jpg
100,1,hotel_photos/the_birches_killarney17_2n7nITt.jpg
101,1,hotel_photos/the_birches_killarney18_m98SAO1.jpg
102,1,hotel_photos/the_birches_killarney19_F7po0Af.jpg
103,1,hotel_photos/the_birches_killarney20.jpg
104,1,hotel_photos/the_birches_killarney21_R6K8s0d.jpg
105,1,hotel_photos/the_birches_killarney22_Jd2Y3IT.jpg
106,1,hotel_photos/the_birches_killarney23_yH2N0j6.jpg
107,1,hotel_photos/the_birches_killarney24_aL2lLnQ.jpg
116,8,hotel_photos/killarney_randles_hotel_01_Zlmfpr6.jpg
117,8,hotel_photos/killarney_randles_hotel_02_j1OL4D1.jpg
118,8,hotel_photos/killarney_randles_hotel_03_Pk83EI0.jpg
119,8,hotel_photos/killarney_randles_hotel_04_bQO9iPM.jpg
124,8,hotel_photos/killarney_randles_hotel_01_VMUZ5Wv.jpg
125,8,hotel_photos/killarney_randles_hotel_02_rqsOwm0.jpg
126,8,hotel_photos/killarney_randles_hotel_03_as6bCep.jpg
127,8,hotel_photos/killarney_randles_hotel_04_k8lUC5b.jpg
