id,image,hotel_id
7,image/upload/v1706161400/hotel_your_choice/hotel_photos/xrhdmmaciznbygqy9zcw.jpg,1
8,image/upload/v1706161401/hotel_your_choice/hotel_photos/iaqlfc0iaamf30iitztr.jpg,1
9,image/upload/v1706161402/hotel_your_choice/hotel_photos/hiuxhlt256ky5ie5icuo.jpg,1
10,image/upload/v1706162691/hotel_your_choice/hotel_photos/habyw21jarpgxk4ai7fw.jpg,1
11,image/upload/v1706162691/hotel_your_choice/hotel_photos/twghij4ysqy9a2efmu8y.jpg,1
12,image/upload/v1706162692/hotel_your_choice/hotel_photos/ukla9vffwhvueiutqjp8.jpg,1
13,image/upload/v1706207379/hotel_your_choice/hotel_photos/nzkk5wgrec3meqw22d71.jpg,1
14,image/upload/v1706207380/hotel_your_choice/hotel_photos/ohacmhc031c8rdae8all.jpg,1
15,image/upload/v1706225480/hotel_your_choice/hotel_photos/bxuujona9zslwxqppu0p.jpg,2
16,image/upload/v1706225481/hotel_your_choice/hotel_photos/ycuprivj3g8t5npizade.jpg,2
17,image/upload/v1706225482/hotel_your_choice/hotel_photos/ooyz2obvpju3imwy9dlk.jpg,2
18,image/upload/v1706225483/hotel_your_choice/hotel_photos/jdtfyflij7yh4s5cazas.jpg,2
19,image/upload/v1706225483/hotel_your_choice/hotel_photos/jizjxkgiq9qi5ymh79ro.jpg,2
20,image/upload/v1706225484/hotel_your_choice/hotel_photos/d2uvqeer5uha42mhpr4l.jpg,2
21,image/upload/v1706225485/hotel_your_choice/hotel_photos/razbpwbygzzvtvhgsxw5.jpg,2
22,image/upload/v1706225485/hotel_your_choice/hotel_photos/xggr73bytncqy12vkbfb.jpg,2
23,image/upload/v1706226396/hotel_your_choice/hotel_photos/sbolg133k9oon8be5dyd.jpg,2
24,image/upload/v1706226397/hotel_your_choice/hotel_photos/asghnj8b1iiuopy3gzaq.jpg,2
25,image/upload/v1706226398/hotel_your_choice/hotel_photos/nu6uw9luckwnypp3jtzr.jpg,2
26,image/upload/v1706226398/hotel_your_choice/hotel_photos/ygedwceafdhqnn5uug1b.jpg,2
27,image/upload/v1706226399/hotel_your_choice/hotel_photos/zqk1lz53hj1vxu4pxtco.jpg,2
28,image/upload/v1706226400/hotel_your_choice/hotel_photos/hsuxnbxmfnjkfhb77sok.jpg,2
29,image/upload/v1706226446/hotel_your_choice/hotel_photos/ywpjhqqgrxnvecvuhrhz.jpg,2
30,image/upload/v1706226447/hotel_your_choice/hotel_photos/qm4gkgngdd16mp9ebuv2.jpg,2
31,image/upload/v1706226447/hotel_your_choice/hotel_photos/s8yzxznb2fcwf2uucn9v.jpg,2
32,image/upload/v1706226448/hotel_your_choice/hotel_photos/kvpj5bk6mdjv9zmszs5x.jpg,2
33,image/upload/v1706226448/hotel_your_choice/hotel_photos/b8cuvgckpwlwnfao3gu6.jpg,2
34,image/upload/v1706226449/hotel_your_choice/hotel_photos/si7urlrzvjunif0vumco.jpg,2
35,image/upload/v1706226450/hotel_your_choice/hotel_photos/mxo77v8eaowi83qam8jr.jpg,2
36,image/upload/v1706226450/hotel_your_choice/hotel_photos/waddofbrlnuy5wyaotm2.jpg,2
37,image/upload/v1706226451/hotel_your_choice/hotel_photos/x1vsq0xqewmtgwnx6iqw.jpg,2
38,image/upload/v1706226452/hotel_your_choice/hotel_photos/uuppgjxtt15ykaupah1r.jpg,2
39,image/upload/v1706226452/hotel_your_choice/hotel_photos/cq8dew7zogka9otz9y16.jpg,2
40,image/upload/v1706226453/hotel_your_choice/hotel_photos/ftnxjpmjcj48pmejvjsn.jpg,2
41,image/upload/v1706226454/hotel_your_choice/hotel_photos/qawru13l5h2atct1pght.jpg,2
42,image/upload/v1706226455/hotel_your_choice/hotel_photos/ihymfdtfsvfnffink38c.jpg,2
43,image/upload/v1706226456/hotel_your_choice/hotel_photos/jcvbw3zldjpdoj6sppt2.jpg,2
44,image/upload/v1706226456/hotel_your_choice/hotel_photos/qxgyhxwiajrkcdxlok2z.jpg,2
45,image/upload/v1706226457/hotel_your_choice/hotel_photos/jd3z4enexcpsyrawlxsp.jpg,2
46,image/upload/v1706226458/hotel_your_choice/hotel_photos/b0x96altoismnlcma2yg.jpg,2
47,image/upload/v1706226496/hotel_your_choice/hotel_photos/lhyblwcrfksxmyy0g4rw.jpg,3
48,image/upload/v1706226497/hotel_your_choice/hotel_photos/tmdn4sezhsnzq0wjv0jo.jpg,3
49,image/upload/v1706226497/hotel_your_choice/hotel_photos/ompnpxwykvchioepzwbk.jpg,3
50,image/upload/v1706226498/hotel_your_choice/hotel_photos/ipljjjvven9v7wipvga7.jpg,3
51,image/upload/v1706226500/hotel_your_choice/hotel_photos/fr1mnb7rsxkwlnobe9bk.jpg,3
52,image/upload/v1706226500/hotel_your_choice/hotel_photos/v7xqg5iliejxau7cubk9.jpg,3
53,image/upload/v1706226501/hotel_your_choice/hotel_photos/bharbleasdym3ch9x8eo.jpg,3
54,image/upload/v1706226502/hotel_your_choice/hotel_photos/kahyvzmu6ibnbpphdjh5.jpg,3
55,image/upload/v1706226502/hotel_your_choice/hotel_photos/cm4kwap2sncgjcwh7jbo.jpg,3
56,image/upload/v1706226503/hotel_your_choice/hotel_photos/moiuzzy0fixqiqejq8gi.jpg,3
57,image/upload/v1706226504/hotel_your_choice/hotel_photos/setk5xk0paqt8gjhlz53.jpg,3
58,image/upload/v1706226504/hotel_your_choice/hotel_photos/sp8g5kvhoyrp4yrmrnfd.jpg,3
59,image/upload/v1706226505/hotel_your_choice/hotel_photos/jzrr6sjqez4xbpjldizh.jpg,3
60,image/upload/v1706226506/hotel_your_choice/hotel_photos/gonigblo5nkkedj9tmpk.jpg,3
61,image/upload/v1706226507/hotel_your_choice/hotel_photos/oqf3gb84hmfzup6waqy9.jpg,3
62,image/upload/v1706226508/hotel_your_choice/hotel_photos/vlvxozhzpxlmbmjgoznn.jpg,3
63,image/upload/v1706226509/hotel_your_choice/hotel_photos/jgzupy43q6omralxkoih.jpg,3
